	Cali-2021-11-04-RBD	Cali-2021-12-15-RBD	Cali-2021-12-21-RBD	
Covariant	Abundance	Abundance	Abundance	
A1250C(K417T) G1258A(D420N) GTT1333-1335CCT(V445P) G1336A(G446S) CTG1354-1356AAG(L452K) T1380G(N460K) G1430A(S477N) C1433A(T478K) A1451C(E484A) TTT1456-1458CCT(F486P) T1469A(F490Y) A1494C(Q498H) C1499A(T500N) A1502C(N501T) T1522C(Y508H) C1715T(T572I)		0.153	0.219	
A1250C(K417T) G1258A(D420N) T1334C(V445A) G1336A(G446S) CTG1354-1356AAG(L452K) T1380G(N460K) G1430A(S477N) C1433A(T478K) A1451C(E484A) TTT1456-1458CCT(F486P) CAA1492-1494TAC(Q498Y) C1495T(P499S) A1502G(N501S) T1513C(Y505H) T1522C(Y508H) C1715T(T572I)	0.091			
A1250C(K417T) G1258C(D420H) GTT1333-1335CCT(V445P) G1336A(G446S) CTG1354-1356AAG(L452K) T1380G(N460K) G1430A(S477N) C1433A(T478K) A1451C(E484A) TTT1456-1458CCT(F486P) T1469A(F490Y) A1494C(Q498H) C1499A(T500N) A1502C(N501T) T1522C(Y508H) C1715T(T572I)		0.003	0.005	
A1250C(K417T) G1258C(D420H) T1334C(V445A) G1336A(G446S) CTG1354-1356AAG(L452K) T1380G(N460K) G1430A(S477N) C1433A(T478K) A1451C(E484A) TTT1456-1458CCT(F486P) CAA1492-1494TAC(Q498Y) C1495T(P499S) A1502G(N501S) T1513C(Y505H) T1522C(Y508H) C1715T(T572I)	0.003			
G1251T(K417N) GTT1333-1335CCT(V445P) G1336A(G446S) CTG1354-1356AAG(L452K) T1380G(N460K) G1430A(S477N) C1433A(T478K) A1451C(E484A) TTT1456-1458CCT(F486P) T1469A(F490Y) A1494C(Q498H) C1499A(T500N) A1502C(N501T) T1522C(Y508H) C1640A(T547K)			0.009	
G1251T(K417N) GTT1333-1335CCT(V445P) G1336A(G446S) CTG1354-1356AAG(L452K) T1380G(N460K) G1430A(S477N) C1433A(T478K) A1451C(E484A) TTT1456-1458CCT(F486P) T1469A(F490Y) A1494C(Q498H) C1499A(T500N) A1502C(N501T) T1522C(Y508H) C1715T(T572I)			0.007	
G1251T(K417N) T1320G(N440K) G1336A(G446S) A1394T(E465V) G1430A(S477N) C1433A(T478K) A1451C(E484A) A1478G(Q493R) G1486A(G496S) A1493G(Q498R) A1501T(N501Y) T1513C(Y505H) C1640A(T547K)			0.004	
G1251T(K417N) T1320G(N440K) G1336A(G446S) G1430A(S477N) C1433A(T478K) A1451C(E484A) A1478G(Q493R) G1486A(G496S) A1493G(Q498R) A1501T(N501Y) T1512G(G504G) T1513C(Y505H) C1640A(T547K)			0.002	
G1251T(K417N) T1320G(N440K) G1336A(G446S) G1430A(S477N) C1433A(T478K) A1451C(E484A) A1478G(Q493R) G1486A(G496S) A1493G(Q498R) A1501T(N501Y) T1513A(Y505N) C1640A(T547K)			0.002	
G1251T(K417N) T1320G(N440K) G1336A(G446S) G1430A(S477N) C1433A(T478K) A1451C(E484A) A1478G(Q493R) G1486A(G496S) A1493G(Q498R) A1501T(N501Y) T1513C(Y505H) C1640A(T547K)			0.727	
G1251T(K417N) T1320G(N440K) G1336A(G446S) G1430A(S477N) C1433A(T478K) A1451C(E484A) A1478G(Q493R) G1486A(G496S) A1493G(Q498R) A1501T(N501Y) T1513C(Y505H) G1526T(R509I) C1640A(T547K)			0.002	
G1251T(K417N) T1320G(N440K) G1336A(G446S) G1430A(S477N) C1433A(T478K) A1451C(E484A) A1478G(Q493R) G1486A(G496S) A1493G(Q498R) A1501T(N501Y) T1513C(Y505H) G1528T(V510L) C1640A(T547K)			0.002	
G1251T(K417N) T1320G(N440K) G1336A(G446S) G1430A(S477N) C1433A(T478K) A1451C(E484A) A1478G(Q493R) G1486A(G496S) A1493G(Q498R) A1501T(N501Y) T1513C(Y505H) G1534T(V512L) C1640A(T547K)			0.002	
G1251T(K417N) T1320G(N440K) G1336A(G446S) G1430A(S477N) C1433A(T478K) A1451C(E484A) A1478G(Q493R) G1486A(G496S) A1493G(Q498R) A1501T(N501Y) T1513C(Y505H) T1539G(L513L) C1640A(T547K)			0.002	
G1251T(K417N) T1320G(N440K) G1336A(G446S) G1430A(S477N) C1433A(T478K) A1451C(E484A) A1478G(Q493R) G1486A(G496S) A1493G(Q498R) A1501T(N501Y) T1513C(Y505H) T1543G(F515V) C1640A(T547K)			0.002	
G1251T(K417N) T1320G(N440K) G1336A(G446S) G1430A(S477N) C1433A(T478K) A1451C(E484A) A1478G(Q493R) G1486A(G496S) A1493G(Q498R) A1501T(N501Y) T1513C(Y505H) T1550G(L517R) C1640A(T547K)			0.002	
G1251T(K417N) T1320G(N440K) G1336A(G446S) G1430A(S477N) C1433A(T478K) A1451C(E484A) TTT1456-1458CCT(F486P) T1469A(F490Y) A1494C(Q498H) C1499A(T500N) A1502C(N501T) T1522C(Y508H) C1640A(T547K)			0.010	
G1307C(W436S) T1355G(L452R) G1427T(G476V) C1433A(T478K)		0.080		
GTT1333-1335CCT(V445P) G1336A(G446S) CTG1354-1356AAG(L452K) T1380G(N460K) G1430A(S477N) C1433A(T478K) A1451C(E484A) TTT1456-1458CCT(F486P) T1469A(F490Y) A1494C(Q498H) C1499A(T500N) A1502C(N501T) T1522C(Y508H)		0.014		
GTT1333-1335CCT(V445P) G1336A(G446S) CTG1354-1356AAG(L452K) T1380G(N460K) G1430A(S477N) C1433A(T478K) A1451C(E484A) TTT1456-1458CCT(F486P) T1469A(F490Y) A1494C(Q498H) C1499A(T500N) A1502C(N501T) T1522C(Y508H) C1715T(T572I)		0.011		
T1334C(V445A) G1336A(G446S) CTG1354-1356AAG(L452K) T1380G(N460K) G1430A(S477N) C1433A(T478K) A1451C(E484A) TTT1456-1458CCT(F486P) CAA1492-1494TAC(Q498Y) C1495T(P499S) A1502G(N501S) T1513C(Y505H) T1522C(Y508H)	0.002			
T1334C(V445A) G1336A(G446S) CTG1354-1356AAG(L452K) T1380G(N460K) G1430A(S477N) C1433A(T478K) A1451C(E484A) TTT1456-1458CCT(F486P) CAA1492-1494TAC(Q498Y) C1495T(P499S) A1502G(N501S) T1513C(Y505H) T1522C(Y508H) C1715T(T572I)	0.009			
T1355G(L452R)	0.001			
T1355G(L452R) A1394T(E465V) C1433A(T478K)		0.003		
T1355G(L452R) A1413C(E471D) C1433A(T478K)	0.003			
T1355G(L452R) A1413T(E471D) C1433A(T478K)	0.003			
T1355G(L452R) C1388T(P463L) C1433A(T478K) G1504T(G502C)	0.002			
T1355G(L452R) C1388T(P463L) C1433A(T478K) G1504T(G502C) T1722C(D574D)	0.097			
T1355G(L452R) C1433A(T478K)	0.750	0.545		
T1355G(L452R) C1433A(T478K) G1444A(G482S)		0.095		
T1355G(L452R) C1433A(T478K) G1447T(V483F)	0.002			
T1355G(L452R) C1433A(T478K) G1526T(R509I)	0.003			
T1355G(L452R) C1433A(T478K) G1528T(V510L)	0.002	0.002		
T1355G(L452R) C1433A(T478K) G1531T(V511L)	0.001			
T1355G(L452R) C1433A(T478K) G1534T(V512L)	0.002			
T1355G(L452R) C1433A(T478K) G1546T(E516*)	0.002			
T1355G(L452R) C1433A(T478K) G1558T(A520S)	0.001			
T1355G(L452R) C1433A(T478K) G1564T(A522S)	0.001			
T1355G(L452R) C1433A(T478K) G1576T(G526*)	0.001			
T1355G(L452R) C1433A(T478K) G1587T(K529N)		0.089		
T1355G(L452R) C1433A(T478K) T1512G(G504G)	0.003			
T1355G(L452R) C1433A(T478K) T1513G(Y505D)	0.002			
T1355G(L452R) C1433A(T478K) T1522G(Y508D)	0.001			
T1355G(L452R) C1433A(T478K) T1529G(V510G)	0.001			
T1355G(L452R) C1433A(T478K) T1544G(F515C)	0.001			
T1355G(L452R) C1433A(T478K) T1550G(L517R)	0.001			
T1355G(L452R) C1433A(T478K) T1551G(L517L)	0.001			
T1355G(L452R) C1433A(T478K) T1557G(H519Q)	0.001			
T1355G(L452R) C1433G(T478R)	0.001			
T1355G(L452R) G1399T(D467Y) C1433A(T478K)	0.003			
T1355G(L452R) G1422T(Q474H) C1433A(T478K)	0.002			
T1355G(L452R) G1427T(G476V) C1433A(T478K)		0.002		
T1355G(L452R) G1430A(S477N) C1433A(T478K) A1451C(E484A) TTT1456-1458CCT(F486P) CAA1492-1494TAC(Q498Y) C1495T(P499S) A1502G(N501S) T1513C(Y505H) T1522C(Y508H)	0.003			
T1355G(L452R) G1430A(S477N) C1433A(T478K) A1451C(E484A) TTT1456-1458CCT(F486P) T1469A(F490Y) A1494C(Q498H) C1499A(T500N) A1502C(N501T) T1522C(Y508H)		0.002		
