	WIMA-2022-01-11-RBDAlt	
Covariant	Abundance	
A1242C(Q414H) A1250C(K417T) T1320G(N440K) T1334C(V445A) T1345C(Y449H) T1380G(N460K) C1409A(T470N) C1433A(T478K) GAA1450-1452CCA(E484P) C1477A(Q493K) A1501T(N501Y)	0.007	
A1242G(Q414Q) A1250C(K417T) T1320G(N440K) T1334C(V445A) T1345C(Y449H) T1380G(N460K) C1409A(T470N) C1433A(T478K) GAA1450-1452CCA(E484P) C1477A(Q493K) A1501T(N501Y)	0.012	
A1250C(K417T) T1320G(N440K) T1334C(V445A) T1345C(Y449H) T1380G(N460K) C1409A(T470N) C1433A(T478K) A1451C(E484A) C1477A(Q493K) A1501T(N501Y)	0.002	
A1250C(K417T) T1320G(N440K) T1334C(V445A) T1345C(Y449H) T1380G(N460K) C1409A(T470N) C1433A(T478K) GAA1450-1452CCA(E484P) C1477A(Q493K) A1501T(N501Y) A1518C(Q506H)	0.003	
A1250C(K417T) T1320G(N440K) T1334C(V445A) T1345C(Y449H) T1380G(N460K) C1409A(T470N) C1433A(T478K) GAA1450-1452CCA(E484P) C1477A(Q493K) A1501T(N501Y) A1521C(P507P)	0.001	
A1250C(K417T) T1320G(N440K) T1334C(V445A) T1345C(Y449H) T1380G(N460K) C1409A(T470N) C1433A(T478K) GAA1450-1452CCA(E484P) C1477A(Q493K) A1501T(N501Y) A1582G(K528E)	0.023	
A1250C(K417T) T1320G(N440K) T1334C(V445A) T1345C(Y449H) T1380G(N460K) C1409A(T470N) C1433A(T478K) GAA1450-1452CCA(E484P) C1477A(Q493K) A1501T(N501Y) C1516A(Q506K)	0.018	
A1250C(K417T) T1320G(N440K) T1334C(V445A) T1345C(Y449H) T1380G(N460K) C1409A(T470N) C1433A(T478K) GAA1450-1452CCA(E484P) C1477A(Q493K) A1501T(N501Y) C1559A(A520E)	0.001	
A1250C(K417T) T1320G(N440K) T1334C(V445A) T1345C(Y449H) T1380G(N460K) C1409A(T470N) C1433A(T478K) GAA1450-1452CCA(E484P) C1477A(Q493K) A1501T(N501Y) C1668T(N556N)	0.023	
A1250C(K417T) T1320G(N440K) T1334C(V445A) T1345C(Y449H) T1380G(N460K) C1409A(T470N) C1433A(T478K) GAA1450-1452CCA(E484P) C1477A(Q493K) A1501T(N501Y) C1735T(P579S)	0.023	
A1250C(K417T) T1320G(N440K) T1334C(V445A) T1345C(Y449H) T1380G(N460K) C1409A(T470N) C1433A(T478K) GAA1450-1452CCA(E484P) C1477A(Q493K) A1501T(N501Y) G1528T(V510L)	0.001	
A1250C(K417T) T1320G(N440K) T1334C(V445A) T1345C(Y449H) T1380G(N460K) C1409A(T470N) C1433A(T478K) GAA1450-1452CCA(E484P) C1477A(Q493K) A1501T(N501Y) T1529G(V510G)	0.001	
A1250C(K417T) T1320G(N440K) T1334C(V445A) T1345C(Y449H) T1380G(N460K) C1409A(T470N) C1433A(T478K) GAA1450-1452CCA(E484P) C1477A(Q493K) A1501T(N501Y) T1652A(V551D)	0.022	
A1250C(K417T) T1320G(N440K) T1334C(V445A) T1345C(Y449H) T1380G(N460K) C1409A(T470N) C1433A(T478K) GAA1450-1452CCA(E484P) C1477A(Q493K) A1501T(N501Y) T1665C(S555S)	0.016	
A1250C(K417T) T1320G(N440K) T1334C(V445A) T1345C(Y449H) T1380G(N460K) C1409A(T470N) C1433A(T478K) GAA1450-1452CCA(E484P) C1477A(Q493K) A1501T(N501Y) T1665G(S555S)	0.007	
T1320G(N440K) T1334C(V445A) T1345C(Y449H) T1380G(N460K) C1409A(T470N) C1433A(T478K) GAA1450-1452CCA(E484P) C1477A(Q493K) A1501T(N501Y)	0.451	
T1355G(L452R) C1433A(T478K)	0.388	
