7_2022-01-18_RBDalt-2(100589) | (100454)	Count	Abundance
T1355G(L452R) C1433A(T478K) C1565T(A522V)	81303	0.809
T1355G(L452R) C1433A(T478K) C1565T(A522V) C1735T(P579S)	2533	0.025
T1355G(L452R) C1433A(T478K) C1516A(Q506K) C1565T(A522V) A1582G(K528E)	2482	0.025
T1355G(L452R) C1433A(T478K) C1565T(A522V) C1668T(N556N)	2480	0.025
T1355G(L452R) C1433A(T478K) C1565T(A522V) T1665C(S555S)	1726	0.017
A1242G(Q414Q) T1355G(L452R) C1433A(T478K) C1565T(A522V)	1427	0.014
G1251T(K417N) T1320G(N440K) G1336A(G446S) T1389C(P463P) G1430A(S477N) C1433A(T478K) A1451C(E484A) A1478G(Q493R) G1486A(G496S) A1493G(Q498R) A1501T(N501Y) T1513C(Y505H) C1640A(T547K)	1399	0.014
T1355G(L452R) C1433A(T478K) C1565T(A522V) T1652A(V551D)	1315	0.013
T1355G(L452R) C1433A(T478K) C1516A(Q506K) C1565T(A522V) T1652A(V551D)	1121	0.011
A1242C(Q414H) T1355G(L452R) C1433A(T478K) C1565T(A522V)	876	0.009
T1355G(L452R) C1433A(T478K) C1565T(A522V) T1665G(S555S)	737	0.007
T1355G(L452R) C1433A(T478K)	473	0.005
T1355G(L452R) C1433A(T478K) G1528T(V510L) C1565T(A522V)	334	0.003
T1355G(L452R) C1433A(T478K) C1515A(Y505*) C1565T(A522V)	305	0.003
T1355G(L452R) C1433A(T478K) C1520A(P507Q) C1565T(A522V)	303	0.003
T1355G(L452R) C1433A(T478K) C1519A(P507T) C1565T(A522V)	270	0.003
T1355G(L452R) C1433A(T478K) C1559A(A520E) C1565T(A522V)	252	0.003
T1355G(L452R) C1433A(T478K) T1529G(V510G) C1565T(A522V)	219	0.002
T1355G(L452R) C1433A(T478K) C1524A(Y508*) C1565T(A522V)	162	0.002
T1355G(L452R) C1433A(T478K) A1514C(Y505S) C1565T(A522V)	159	0.002
T1355G(L452R) C1433A(T478K) T1512G(G504G) C1565T(A522V)	132	0.001
T1355G(L452R) C1433A(T478K) G1526T(R509I) C1565T(A522V)	124	0.001
T1355G(L452R) C1433A(T478K) A1518C(Q506H) C1565T(A522V)	113	0.001
T1355G(L452R) C1433A(T478K) G1534T(V512L) C1565T(A522V)	106	0.001
T1355G(L452R) C1433A(T478K) A1525C(R509R) C1565T(A522V)	103	0.001
