M03569:391:000000000-K7J56:1:1101:7954:2594;size=87933	T1355G(L452R) C1433A(T478K) T1722C(D574D)
M03569:391:000000000-K7J56:1:1101:23428:2518;size=3689	T1355G(L452R) C1433A(T478K) C1516A(Q506K) T1722C(D574D)
M03569:391:000000000-K7J56:1:1102:23688:17621;size=2805	T1355G(L452R) C1433A(T478K) C1668T(N556N) T1722C(D574D)
M03569:391:000000000-K7J56:1:1103:19420:2532;size=2738	T1355G(L452R) C1433A(T478K) T1722C(D574D) C1735T(P579S)
M03569:391:000000000-K7J56:1:1106:20010:21658;size=2726	T1355G(L452R) C1433A(T478K) T1652A(V551D) T1722C(D574D)
M03569:391:000000000-K7J56:1:1107:7415:21334;size=2688	T1355G(L452R) C1433A(T478K) A1582G(K528E) T1722C(D574D)
M03569:391:000000000-K7J56:1:1104:8246:2592;size=1973	T1355G(L452R) C1433A(T478K) T1665C(S555S) T1722C(D574D)
M03569:391:000000000-K7J56:1:1114:2767:15078;size=1560	A1242G(Q414Q) T1355G(L452R) C1433A(T478K) T1722C(D574D)
M03569:391:000000000-K7J56:1:1108:3597:10004;size=1140	A1242C(Q414H) T1355G(L452R) C1433A(T478K) T1722C(D574D)
M03569:391:000000000-K7J56:1:2104:7002:23034;size=867	T1355G(L452R) C1433A(T478K) T1665G(S555S) T1722C(D574D)
M03569:391:000000000-K7J56:1:1101:22462:3858;size=440	T1355G(L452R) C1433A(T478K)
M03569:391:000000000-K7J56:1:1101:22861:5407;size=427	T1355G(L452R) C1433A(T478K) A1451C(E484A) T1722C(D574D)
M03569:391:000000000-K7J56:1:1101:7533:7000;size=367	T1355G(L452R) C1433A(T478K) C1520A(P507Q) T1722C(D574D)
M03569:391:000000000-K7J56:1:1101:25426:4730;size=340	T1355G(L452R) C1433A(T478K) C1515A(Y505*) T1722C(D574D)
M03569:391:000000000-K7J56:1:1101:17215:4600;size=293	T1355G(L452R) C1433A(T478K) G1528T(V510L) T1722C(D574D)
M03569:391:000000000-K7J56:1:1101:14424:7726;size=257	T1355G(L452R) C1433A(T478K) T1529G(V510G) T1722C(D574D)
M03569:391:000000000-K7J56:1:1101:21525:9145;size=237	T1355G(L452R) C1433A(T478K) C1519A(P507T) T1722C(D574D)
M03569:391:000000000-K7J56:1:1102:17329:5027;size=236	T1355G(L452R) C1433A(T478K) C1640A(T547K) T1722C(D574D)
M03569:391:000000000-K7J56:1:1110:14803:20161;size=225	T1355G(L452R) C1433A(T478K) C1516A(Q506K) A1582G(K528E) T1722C(D574D)
M03569:391:000000000-K7J56:1:1101:13776:14679;size=208	G1251T(K417N) T1355G(L452R) C1433A(T478K) T1722C(D574D)
M03569:391:000000000-K7J56:1:1101:24765:7304;size=190	T1355G(L452R) C1433A(T478K) A1501T(N501Y) T1722C(D574D)
M03569:391:000000000-K7J56:1:1101:26086:6445;size=185	T1355G(L452R) C1433A(T478K) C1524A(Y508*) T1722C(D574D)
M03569:391:000000000-K7J56:1:1101:21269:11164;size=181	C1433A(T478K) T1722C(D574D)
M03569:391:000000000-K7J56:1:1101:13716:9096;size=174	T1355G(L452R) C1433A(T478K) C1559A(A520E) T1722C(D574D)
M03569:391:000000000-K7J56:1:1101:13282:2785;size=167	T1355G(L452R) C1433A(T478K) A1514C(Y505S) T1722C(D574D)
M03569:391:000000000-K7J56:1:2112:20016:2887;size=153	T1355G(L452R) C1433A(T478K) C1516A(Q506K) T1652A(V551D) T1722C(D574D)
M03569:391:000000000-K7J56:1:1101:16591:8013;size=138	T1355G(L452R) C1433A(T478K) T1512G(G504G) T1722C(D574D)
M03569:391:000000000-K7J56:1:1101:19052:4162;size=109	T1355G(L452R) C1433A(T478K) A1460T(N487I) T1722C(D574D)
M03569:391:000000000-K7J56:1:1101:23535:3127;size=104	T1355G(L452R) C1433A(T478K) T1535G(V512G) T1722C(D574D)
M03569:391:000000000-K7J56:1:1103:23796:2595;size=104	T1355G(L452R) C1433A(T478K) C1516A(Q506K) T1722C(D574D) C1735T(P579S)
M03569:391:000000000-K7J56:1:1101:13960:4139;size=103	T1320G(N440K) T1355G(L452R) C1433A(T478K) T1722C(D574D)
