WI_2022-02-28_RBD(41569) | (34281)	Count	Abundance
G1251T(K417N) T1320G(N440K) G1336A(G446S) G1430A(S477N) C1433A(T478K) A1451C(E484A) A1478G(Q493R) G1486A(G496S) A1493G(Q498R) A1501T(N501Y) T1513C(Y505H) C1640A(T547K)	22577	0.659
G1251T(K417N) T1320G(N440K) G1336A(G446S) G1430A(S477N) C1433A(T478K) A1451C(E484A) A1478G(Q493R) G1486A(G496S) A1493G(Q498R) A1501T(N501Y) T1513C(Y505H) C1516A(Q506K) C1640A(T547K)	2233	0.065
G1251T(K417N) T1320G(N440K) G1336A(G446S) G1430A(S477N) C1433A(T478K) A1451C(E484A) A1478G(Q493R) G1486A(G496S) A1493G(Q498R) A1501T(N501Y) T1513A(Y505N) C1516A(Q506K) C1640A(T547K)	1476	0.043
A1250C(K417T) T1320G(N440K) T1334C(V445A) T1345C(Y449H) T1380G(N460K) G1430A(S477N) T1448C(V483A) GAA1450-1452CCA(E484P) TTT1456-1458GCT(F486A) C1477A(Q493K) T1480C(S494P) CAA1492-1494TAC(Q498Y) A1502G(N501S)	1440	0.042
A1250C(K417T) T1320G(N440K) G1336A(G446S) G1430A(S477N) C1433A(T478K) A1451C(E484A) A1478G(Q493R) G1486A(G496S) A1493G(Q498R) A1501T(N501Y) T1513C(Y505H) C1640A(T547K)	1275	0.037
A1250C(K417T) T1320G(N440K) T1334C(V445A) T1345C(Y449H) T1380G(N460K) C1409A(T470N) C1433A(T478K) GAA1450-1452CCA(E484P) T1469A(F490Y) C1477A(Q493K) A1501T(N501Y)	1227	0.036
G1251T(K417N) T1320G(N440K) G1336A(G446S) G1430A(S477N) C1433A(T478K) A1451C(E484A) A1478G(Q493R) G1486A(G496S) A1493G(Q498R) A1501T(N501Y) T1513C(Y505H) C1640A(T547K) C1686T(F562F)	565	0.016
G1251T(K417N) T1320G(N440K) G1336A(G446S) G1430A(S477N) C1433A(T478K) A1451C(E484A) A1478G(Q493R) G1486A(G496S) A1493G(Q498R) A1501T(N501Y) T1513C(Y505H) C1640A(T547K) T1683C(P561P)	488	0.014
G1251T(K417N) T1320A(N440K) G1336A(G446S) G1430A(S477N) C1433A(T478K) A1451C(E484A) A1478G(Q493R) G1486A(G496S) A1493G(Q498R) A1501T(N501Y) T1513C(Y505H) C1640A(T547K) G1651A(V551I)	402	0.012
G1251T(K417N) T1320G(N440K) G1336A(G446S) G1430A(S477N) C1433A(T478K) A1451C(E484A) A1478G(Q493R) G1486A(G496S) A1493G(Q498R) A1501T(N501Y) T1513C(Y505H) A1518C(Q506H) C1640A(T547K)	341	0.010
A1250C(K417T) T1320G(N440K) T1334C(V445A) T1345C(Y449H) T1380G(N460K) G1430A(S477N) G1450C(E484Q) TTT1456-1458GCT(F486A) T1469A(F490Y) C1477A(Q493K) A1501T(N501Y)	331	0.010
A1250C(K417T) T1320G(N440K) T1334C(V445A) T1345C(Y449H) T1380G(N460K) G1426-1426Del(fs) G1430A(S477N) G1450C(E484Q) TTT1456-1458GCT(F486A) T1469A(F490Y) C1477A(Q493K) A1501T(N501Y) G1528A(V510I)	294	0.009
A1250C(K417T) T1320G(N440K) T1334C(V445A) T1345C(Y449H) G1430A(S477N) C1433A(T478K) A1451C(E484A) A1478G(Q493R) G1486A(G496S) A1493G(Q498R) A1501T(N501Y) T1513C(Y505H) C1640A(T547K)	293	0.009
A1250C(K417T) T1320G(N440K) T1334C(V445A) T1345C(Y449H) T1359C(Y453Y) T1380G(N460K) ACA1432-1434AAAA(T478K) G1450C(E484Q) T1469A(F490Y) C1477A(Q493K) A1501T(N501Y)	271	0.008
A1250C(K417T) T1320G(N440K) T1334C(V445A) T1345C(Y449H) T1380G(N460K) C1433A(T478K) T1448C(V483A) G1450C(E484Q) C1477A(Q493K) A1501T(N501Y) A1619T(N540I)	249	0.007
G1251T(K417N) T1320G(N440K) G1336A(G446S) G1430A(S477N) C1433A(T478K) A1451C(E484A) A1478G(Q493R) G1486A(G496S) A1493G(Q498R) A1501T(N501Y) T1513C(Y505H) C1559A(A520E) C1640A(T547K)	237	0.007
G1251T(K417N) T1320G(N440K) G1336A(G446S) G1430A(S477N) C1433A(T478K) A1451C(E484A) A1478G(Q493R) G1486A(G496S) A1493G(Q498R) A1501T(N501Y) T1513C(Y505H) 1596-insertT(fs) C1640A(T547K)	231	0.007
A1250C(K417T) T1320G(N440K) T1334C(V445A) T1345C(Y449H) T1355A(L452Q) T1380G(N460K) G1430A(S477N) GAA1450-1452CCA(E484P) T1456G(F486V) C1477A(Q493K) CAA1492-1494TAC(Q498Y) C1495T(P499S) A1502G(N501S) T1513C(Y505H)	131	0.004
A1250C(K417T) T1320G(N440K) T1334C(V445A) T1345C(Y449H) T1380G(N460K) G1430A(S477N) C1433A(T478K) A1451C(E484A) A1478G(Q493R) G1486A(G496S) A1493G(Q498R) A1501T(N501Y) T1513C(Y505H) C1640A(T547K)	116	0.003
G1251T(K417N) T1274C(L425S) T1320G(N440K) G1336A(G446S) G1430A(S477N) C1433A(T478K) A1451C(E484A) A1478G(Q493R) G1486A(G496S) A1493G(Q498R) A1501T(N501Y) T1513C(Y505H) C1640A(T547K)	100	0.003
